
{
  "project_info": {
    "project_number": "15878833660",
    "firebase_url": "https://neonrent-ai-manager-pro1-default-rtdb.firebaseio.com",
    "project_id": "neonrent-ai-manager-pro1",
    "storage_bucket": "neonrent-ai-manager-pro1.firebasestorage.app"
  },
  "client": [
    {
      "client_info": {
        "mobilesdk_app_id": "1:15878833660:android:247567ecb8cdaa5a909e79",
        "android_client_info": {
          "package_name": "com.n2r.NeonRent"
        }
      },
      "oauth_client": [
        {
          "client_id": "15878833660-70m8ev5l9ofdt4n6u0ji453498a6l057.apps.googleusercontent.com",
          "client_type": 3
        }
      ],
      "api_key": [
        {
          "current_key": "AIzaSyA3NY-hlr2HEyxuEDwOi1gAVZVDO7SvzPo"
        }
      ],
      "services": {
        "appinvite_service": {
          "other_platform_oauth_client": [
            {
              "client_id": "15878833660-70m8ev5l9ofdt4n6u0ji453498a6l057.apps.googleusercontent.com",
              "client_type": 3
            }
          ]
        }
      }
    }
  ],
  "configuration_version": "1"
}
